series,signal_type,n_short,n_long,kappa,n_fires,n_fires_deduped,fire_rate_pct,tp_rate,fp_rate,avg_fwd_5d,avg_fwd_10d,avg_fwd_20d,avg_fwd_maxdd_20,avg_fwd_maxdd_40,median_fwd_maxdd_20
Portfolio,VR+R5<0,5,50,1.5,249,57.0,11.007957559681698,0.3333333333333333,0.6666666666666666,0.5779771893721078,0.9434265228528141,2.2048333422294184,-3.939885515761045,-5.607017954012132,-2.603002843793712
Portfolio,VR_only,5,50,1.5,415,65.0,18.346595932802828,0.327710843373494,0.672289156626506,0.4876334451198004,1.0320099360705424,1.7141748679205961,-3.8839620863861577,-5.507249722708838,-2.2990300529988708
Portfolio,VR+R5<0,5,50,1.75,190,45.0,8.399646330680813,0.32105263157894737,0.6789473684210526,0.5284499193090294,1.10565315097807,2.443111817049806,-4.005988593639382,-5.688386182167922,-2.4630902338670553
Portfolio,VR_only,5,50,1.75,303,54.0,13.395225464190982,0.3234323432343234,0.6765676567656765,0.42943508080763243,1.1688781580359506,1.8428935638795674,-3.928673679198565,-5.615183529857472,-2.404645765464869
Portfolio,VR+R5<0,5,50,2.0,148,38.0,6.542882404951371,0.32432432432432434,0.6756756756756757,0.7049376263408492,1.2845725037386952,2.4178606060608647,-3.932047432199032,-5.83805696262326,-2.631982271322253
Portfolio,VR_only,5,50,2.0,230,47.0,10.167992926613616,0.3130434782608696,0.6869565217391305,0.5772310170887471,1.3360998242963262,2.0270930416480417,-3.8046677820594885,-5.605234232871374,-2.2156718224898304
Portfolio,VR+R5<0,5,50,2.25,111,33.0,4.907161803713528,0.3333333333333333,0.6666666666666666,0.6932121827246079,1.2584790167174338,2.557301367406706,-4.060192919812435,-6.158458394639962,-2.6856866901181413
Portfolio,VR_only,5,50,2.25,165,39.0,7.294429708222812,0.3090909090909091,0.6909090909090909,0.6098858746375341,1.4404108769658068,2.258872020361763,-3.6967321452372075,-5.7309947621617505,-2.404645765464869
Portfolio,VR+R5<0,5,50,2.5,80,28.0,3.5366931918656057,0.275,0.725,0.9414252459158883,1.5679826418805796,3.225740429454839,-3.504803480281049,-5.727154116867457,-2.157696997554743
Portfolio,VR_only,5,50,2.5,119,33.0,5.260831122900089,0.2605042016806723,0.7394957983193278,0.7042017473734591,1.5866900184134687,2.556731357041169,-3.327319670158999,-5.52134482110355,-1.7104799414093017
Portfolio,VR+R5<0,5,50,3.0,39,18.0,1.7241379310344827,0.1794871794871795,0.8205128205128205,0.7034644024049275,1.12238957061559,3.984740712854587,-2.8203399996040055,-4.692087782387723,-0.9129199366429036
Portfolio,VR_only,5,50,3.0,62,22.0,2.7409372236958442,0.16129032258064516,0.8387096774193549,0.5303971501022134,1.2921295719055372,2.9350194825518092,-2.7560732421943186,-4.787556008296927,-1.2010886050832674
Portfolio,VR+R5<0,5,50,3.5,20,10.0,0.8841732979664014,0.15,0.85,0.8768889719697526,1.9945090994268266,5.45149327520462,-1.9753598820674363,-3.329927545569834,-0.6681530405185511
Portfolio,VR_only,5,50,3.5,34,12.0,1.5030946065428823,0.11764705882352941,0.8823529411764706,0.5550383091396793,2.0658021930774457,3.8340580652608147,-2.0414586414497253,-3.938406347982143,-1.039300178217775
Portfolio,VR+R5<0,5,50,4.0,13,6.0,0.5747126436781609,0.15384615384615385,0.8461538461538461,0.4696654651170153,1.2607681010007163,5.3785157022002235,-2.026726706067404,-2.8089400321836715,-0.4233861443941986
Portfolio,VR_only,5,50,4.0,21,8.0,0.9283819628647214,0.09523809523809523,0.9047619047619048,0.12780616195972253,1.6868367589103643,3.654632099642713,-2.0090912657868816,-3.758713109348366,-1.1112069865799235
Portfolio,VR+R5<0,5,100,1.5,235,48.0,10.389036251105217,0.3574468085106383,0.6425531914893617,0.6512356674177701,0.7317607284861026,1.8915973967305382,-4.522524514455959,-6.371645164254951,-3.703428067275364
Portfolio,VR_only,5,100,1.5,384,56.0,16.976127320954905,0.3854166666666667,0.6145833333333334,0.506493050994711,0.752862688361245,1.208315926909972,-4.632893089919415,-6.363850479122831,-3.5203418060867575
Portfolio,VR+R5<0,5,100,1.75,198,43.0,8.753315649867375,0.35858585858585856,0.6414141414141414,0.6262008458672946,0.8657454615798519,2.144660316558925,-4.498459824149366,-6.1604912757371855,-3.531193692408702
Portfolio,VR_only,5,100,1.75,301,48.0,13.306808134394341,0.38870431893687707,0.6112956810631229,0.4548791782471353,0.894159055841516,1.3965424544217464,-4.643827900397699,-6.410802781304244,-3.6037103992273725
Portfolio,VR+R5<0,5,100,2.0,158,40.0,6.984969053934571,0.37341772151898733,0.6265822784810127,0.4056023092173384,0.7163882501466654,2.0323583530765683,-4.622515541896888,-6.2783476847660555,-3.746962671569022
Portfolio,VR_only,5,100,2.0,239,41.0,10.565870910698496,0.401673640167364,0.5983263598326359,0.27799578463024643,0.7587643685065913,1.3107789197936945,-4.760241829704202,-6.557315920518889,-3.8018775929815014
Portfolio,VR+R5<0,5,100,2.25,122,30.0,5.393457117595048,0.3524590163934426,0.6475409836065574,0.40832782651125266,1.1041800102699586,2.5135127117177363,-4.4020407382552245,-6.03236422203785,-3.5152082230304154
Portfolio,VR_only,5,100,2.25,193,34.0,8.532272325375773,0.39378238341968913,0.6062176165803109,0.21232000678737595,0.963906606022845,1.5460949002086224,-4.681379514603505,-6.409563396905006,-3.739791283861228
Portfolio,VR+R5<0,5,100,2.5,104,26.0,4.597701149425287,0.34615384615384615,0.6538461538461539,0.3271222195634746,1.1627183992949617,2.691329447991606,-4.296065290728477,-5.95819428083277,-3.380880364212903
Portfolio,VR_only,5,100,2.5,156,29.0,6.896551724137931,0.36538461538461536,0.6346153846153846,0.2702649339514279,1.1509188589109587,1.7909979065019115,-4.4853982210621535,-6.182471856218612,-3.515845862416525
Portfolio,VR+R5<0,5,100,3.0,64,17.0,2.829354553492484,0.28125,0.71875,0.6783986310752617,1.4699330407871853,3.8806952984031646,-4.004013102791018,-4.6714604945811224,-2.6723685895312315
Portfolio,VR_only,5,100,3.0,97,21.0,4.288240495137047,0.28865979381443296,0.711340206185567,0.5854462445505267,1.5292399689552254,2.9149939193282632,-4.102484997120616,-5.267308970064658,-2.6856866901181413
Portfolio,VR+R5<0,5,100,3.5,41,13.0,1.8125552608311228,0.2926829268292683,0.7073170731707317,-0.06278608809577652,0.4839998733789361,3.1632100495785638,-4.1276417990793925,-4.994502567893808,-2.8830344396356558
Portfolio,VR_only,5,100,3.5,61,16.0,2.696728558797524,0.26229508196721313,0.7377049180327869,0.23593484611620216,1.2480328185769614,2.90493757906567,-3.8495148393426,-5.332103719877653,-2.7082656808533603
Portfolio,VR+R5<0,5,100,4.0,30,11.0,1.3262599469496021,0.23333333333333334,0.7666666666666667,-0.540455829492645,0.6426836827871301,3.3166815030440935,-3.7530773320669994,-4.456478997406063,-2.9070858069897256
Portfolio,VR_only,5,100,4.0,41,12.0,1.8125552608311228,0.1951219512195122,0.8048780487804879,-0.4310277065537896,1.0741509314719524,2.913883672736071,-3.493252044445063,-4.72322609159076,-2.9311371743437955
Portfolio,VR+R5<0,10,50,1.5,209,44.0,9.239610963748895,0.2966507177033493,0.7033492822966507,0.8031036385184669,1.5474650623683166,2.2188283649756566,-3.7909698581772657,-5.642282832820003,-2.603002843793712
Portfolio,VR_only,10,50,1.5,418,41.0,18.47922192749779,0.2799043062200957,0.7200956937799043,0.7372631871400268,1.4766130521997378,1.7517496360052176,-3.62231278011068,-5.214263382202768,-2.0587959947204344
Portfolio,VR+R5<0,10,50,1.75,145,31.0,6.41025641025641,0.2482758620689655,0.7517241379310344,0.7273645166559707,1.9302949260439115,2.620987508990241,-3.5110035611085917,-5.663857642158407,-2.1610890480418106
Portfolio,VR_only,10,50,1.75,293,31.0,12.953138815207781,0.24914675767918087,0.7508532423208191,0.7068770755998494,1.6998240438951706,1.7474359524590675,-3.4568434740155105,-5.281984363052921,-1.8552699085960218
Portfolio,VR+R5<0,10,50,2.0,101,23.0,4.465075154730328,0.22772277227722773,0.7722772277227723,0.732399525199895,1.8911081386050694,2.7900313666205956,-3.2485592731068964,-5.437626162417714,-2.080186785139864
Portfolio,VR_only,10,50,2.0,198,25.0,8.753315649867375,0.23232323232323232,0.7676767676767676,0.6327340788215465,1.6143381282141125,1.5981587604399172,-3.4357645684941214,-5.409410689348067,-1.834822300902754
Portfolio,VR+R5<0,10,50,2.25,54,20.0,2.3872679045092835,0.16666666666666666,0.8333333333333334,0.8583902952575011,2.3682242724110703,3.6063336928204675,-2.692891367022499,-4.054127783743807,-2.0456854524344936
Portfolio,VR_only,10,50,2.25,120,20.0,5.305039787798409,0.2,0.8,0.7802638765460241,2.0401065733044472,1.9379634135660173,-2.9564326370405705,-4.743509977787377,-1.7196629922490043
Portfolio,VR+R5<0,10,50,2.5,32,16.0,1.414677276746242,0.1875,0.8125,0.9785152851027278,2.150918617278682,3.6719900140358086,-2.388322909001215,-4.195662181089252,-1.694397495769049
Portfolio,VR_only,10,50,2.5,74,15.0,3.2714412024756854,0.24324324324324326,0.7567567567567568,0.8527545120139906,2.260919467576203,1.6898067732986164,-2.910795888017769,-5.2218153781912875,-1.694397495769049
Portfolio,VR+R5<0,10,50,3.0,13,5.0,0.5747126436781609,0.07692307692307693,0.9230769230769231,1.8954735695476157,2.827701883715105,6.244890531086488,-1.58007568079165,-2.849138006841425,-0.967393369855627
Portfolio,VR_only,10,50,3.0,33,7.0,1.4588859416445623,0.06060606060606061,0.9393939393939394,1.4768850052596434,3.030110426876854,4.150483382098526,-1.9016292524186111,-3.279895072555624,-1.507945359163273
Portfolio,VR+R5<0,10,50,3.5,4,1.0,0.17683465959328026,0.0,1.0,2.815755010345039,3.3975361913851976,7.988664318086636,-0.08046257492745588,-0.08046257492745588,0.0
Portfolio,VR_only,10,50,3.5,14,2.0,0.618921308576481,0.0,1.0,1.5893584456880154,4.1020574901684235,4.601652189700734,-1.2295481737149183,-2.513356697990937,-0.780849121225086
Portfolio,VR+R5<0,10,50,4.0,1,1.0,0.044208664898320066,0.0,1.0,0.005732423794868602,3.2582171844298236,5.663245573584752,-0.32185029970982354,-0.32185029970982354,-0.32185029970982354
Portfolio,VR_only,10,50,4.0,7,1.0,0.3094606542882405,0.0,1.0,0.7431736563412656,4.120136325720757,6.4739899104944225,-0.6877736715079236,-0.6877736715079236,-0.32185029970982354
Portfolio,VR+R5<0,10,100,1.5,209,39.0,9.239610963748895,0.3492822966507177,0.6507177033492823,0.4862303589802699,1.059453056975388,1.8087514403617173,-4.59552357421091,-6.419177954325381,-3.510712279360183
Portfolio,VR_only,10,100,1.5,420,34.0,18.56763925729443,0.3404761904761905,0.6595238095238095,0.5196953267183655,0.8897759268330722,1.2060578446899684,-4.509744867866033,-6.14580674907453,-2.997050740991656
Portfolio,VR+R5<0,10,100,1.75,158,30.0,6.984969053934571,0.35443037974683544,0.6455696202531646,0.5838827699555139,1.4056064921364675,1.682269627762038,-4.511327873453034,-6.391589618500958,-3.5203418060867575
Portfolio,VR_only,10,100,1.75,323,28.0,14.279398762157383,0.35294117647058826,0.6470588235294118,0.6649236111316753,1.0838391406497292,0.7663895818736428,-4.562645238721917,-6.307579724586813,-3.1403625759570986
Portfolio,VR+R5<0,10,100,2.0,120,19.0,5.305039787798409,0.3333333333333333,0.6666666666666666,0.6358154445406837,1.5098674096128477,2.3395843912287266,-4.423768215236316,-5.5864159615436115,-3.152409024923482
Portfolio,VR_only,10,100,2.0,241,21.0,10.654288240495138,0.36929460580912865,0.6307053941908713,0.6045752189549415,1.0671226925430317,1.1330165766917397,-4.673355231280039,-6.036097208054877,-3.2510484490656224
Portfolio,VR+R5<0,10,100,2.25,100,18.0,4.420866489832007,0.29,0.71,0.3938444788421793,1.4223029868205048,2.5354677708694484,-4.372632208945136,-5.480535725386522,-2.9070858069897256
Portfolio,VR_only,10,100,2.25,183,16.0,8.090185676392574,0.34972677595628415,0.6502732240437158,0.39853583658881475,1.100574529927924,1.2325876456916998,-4.755259119518893,-6.258342500103326,-3.0537696007813406
Portfolio,VR+R5<0,10,100,2.5,80,16.0,3.5366931918656057,0.2625,0.7375,0.2911491737211212,1.6114650155423071,3.239979773758977,-3.996215512607442,-4.794031391357496,-2.9070858069897256
Portfolio,VR_only,10,100,2.5,146,15.0,6.45446507515473,0.3150684931506849,0.684931506849315,0.3392067131851406,1.302028802610415,1.6237485227741304,-4.389900265513599,-5.801554077130658,-2.908354899838254
Portfolio,VR+R5<0,10,100,3.0,54,11.0,2.3872679045092835,0.2777777777777778,0.7222222222222222,-0.5082283355645121,0.47011071751103284,3.422127723481249,-4.2527366606593855,-4.79732974450857,-2.9818193850491412
Portfolio,VR_only,10,100,3.0,96,11.0,4.244031830238726,0.2604166666666667,0.7395833333333334,0.0300323365486993,1.0298268018984658,2.20309428569302,-3.973609546880647,-5.024104768673323,-2.7956500602445082
Portfolio,VR+R5<0,10,100,3.5,31,7.0,1.3704686118479221,0.16129032258064516,0.8387096774193549,-0.39576735111629013,0.6776147606743251,4.615145811499799,-3.1491852390099675,-3.6813726660630985,-2.6590504889443216
Portfolio,VR_only,10,100,3.5,47,6.0,2.0778072502210434,0.1702127659574468,0.8297872340425532,-0.07538079516245604,0.8763124005529798,3.211610736769873,-3.3755004589834394,-4.343219013547724,-2.7082656808533603
Portfolio,VR+R5<0,10,100,4.0,18,6.0,0.7957559681697612,0.1111111111111111,0.8888888888888888,-0.06303955369780048,1.3861023691433796,6.33288201603469,-2.3907344077570083,-3.1546044888929017,-2.295400798482966
Portfolio,VR_only,10,100,4.0,28,5.0,1.237842617152962,0.10714285714285714,0.8928571428571429,0.4654932186726758,1.951161540622875,4.307014188394536,-2.671598329527265,-4.099492000555781,-2.4447612390789097
Portfolio,VR+R5<0,20,100,1.5,181,28.0,8.001768346595933,0.36464088397790057,0.6353591160220995,0.4302751172484267,0.8816617377432008,1.6037418084771895,-4.80861986748728,-6.0223704418952195,-3.432610304659066
Portfolio,VR_only,20,100,1.5,401,21.0,17.727674624226346,0.371571072319202,0.628428927680798,0.19722973441207362,0.40759173241062646,0.6005338193743243,-4.972522184930378,-6.233879410456904,-3.222512279682569
Portfolio,VR+R5<0,20,100,1.75,132,23.0,5.835543766578249,0.29545454545454547,0.7045454545454546,0.8627030936624304,1.1852937972529076,2.1075914833014036,-4.365226666973138,-5.197977462475198,-2.6723685895312315
Portfolio,VR_only,20,100,1.75,300,15.0,13.262599469496022,0.3433333333333333,0.6566666666666666,0.5495446521614893,0.5825612842847256,0.6251353631190746,-4.848189663964063,-5.767712316192531,-2.884303532484184
Portfolio,VR+R5<0,20,100,2.0,93,14.0,4.111405835543767,0.2903225806451613,0.7096774193548387,0.5128932308637113,1.0381601840290067,2.548242019787426,-4.505692924076921,-4.875653240196616,-2.7587315206350707
Portfolio,VR_only,20,100,2.0,199,11.0,8.797524314765694,0.34673366834170855,0.6532663316582915,0.5147991944899044,0.4367758710483498,0.35599848989191696,-5.19267911754355,-5.935033632751512,-3.0537696007813406
Portfolio,VR+R5<0,20,100,2.25,79,11.0,3.4924845269672855,0.3291139240506329,0.6708860759493671,0.08484543833034747,0.5032343428857463,2.5178810195937276,-4.911779270623859,-5.219204694853265,-2.8830344396356558
Portfolio,VR_only,20,100,2.25,150,9.0,6.631299734748011,0.32666666666666666,0.6733333333333333,0.3830292541706218,0.5990786402647867,1.2433764782103562,-4.762386305678977,-5.260680904171877,-2.884303532484184
Portfolio,VR+R5<0,20,100,2.5,57,8.0,2.519893899204244,0.2807017543859649,0.7192982456140351,-0.026217860061708516,0.7535692512525815,3.734491757916863,-4.417758022890553,-4.611705080944177,-2.6590504889443216
Portfolio,VR_only,20,100,2.5,106,5.0,4.6861184792219275,0.24528301886792453,0.7547169811320755,0.38548784228503946,1.1830413077774027,2.548931442500655,-4.089700383426808,-4.464644690509719,-2.4044174213480356
Portfolio,VR+R5<0,20,100,3.0,3,1.0,0.1326259946949602,1.0,0.0,-1.6607126982236615,-7.412237837109252,0.9987572688052948,-9.54609914793122,-9.54609914793122,-9.161146546190249
Portfolio,VR_only,20,100,3.0,12,2.0,0.5305039787798408,0.9166666666666666,0.08333333333333333,-1.1734932739705615,-3.7364764303557783,-2.307545090933406,-9.878613340824367,-10.315242919086295,-10.58229388208822
Portfolio,VR+R5<0,20,100,3.5,0,,0.0,,,,,,,,
Portfolio,VR_only,20,100,3.5,0,,0.0,,,,,,,,
Portfolio,VR+R5<0,20,100,4.0,0,,0.0,,,,,,,,
Portfolio,VR_only,20,100,4.0,0,,0.0,,,,,,,,
Portfolio,VR+R5<0,20,200,1.5,181,29.0,8.001768346595933,0.3259668508287293,0.6740331491712708,0.7801186759656114,1.4076946817396832,2.556262973614781,-4.2679920463859204,-4.962783635969236,-2.8035560003510214
Portfolio,VR_only,20,200,1.5,399,20.0,17.639257294429708,0.3241206030150754,0.6758793969849246,0.5042953545311414,0.7768573384338978,1.5338743675666522,-4.4076278544174645,-5.148124762590636,-2.6749577955908834
Portfolio,VR+R5<0,20,200,1.75,114,18.0,5.039787798408488,0.32456140350877194,0.6754385964912281,1.129156170731855,1.5939632064716576,2.7718683841435863,-4.271524884081946,-4.591771547778216,-2.781143760493046
Portfolio,VR_only,20,200,1.75,263,15.0,11.626878868258178,0.27756653992395436,0.7224334600760456,0.9453141330440498,1.1473580399445449,2.0720461776076284,-3.859160576121843,-4.272685346269968,-2.4844403698681976
Portfolio,VR+R5<0,20,200,2.0,81,14.0,3.580901856763926,0.2716049382716049,0.7283950617283951,1.2157115081646201,1.5785527612045591,3.3155784945039417,-3.5938007898295288,-3.8327516989819754,-1.7104799414093017
Portfolio,VR_only,20,200,2.0,182,13.0,8.045977011494253,0.24175824175824176,0.7582417582417582,1.1443399845624744,1.52770036782127,2.4226350978668254,-3.2325215601423243,-3.5601298695055403,-1.9832955121621296
Portfolio,VR+R5<0,20,200,2.25,58,9.0,2.564102564102564,0.3103448275862069,0.6896551724137931,0.8997888096017979,0.9405758098062026,1.3361399293923328,-3.9240969530316354,-4.23144175250298,-2.645300371909163
Portfolio,VR_only,20,200,2.25,131,11.0,5.7913351016799295,0.2748091603053435,0.7251908396946565,0.9864280558966616,1.331399305429936,1.407330027899212,-3.3214657435551893,-3.6541648498968744,-1.9754257751467588
Portfolio,VR+R5<0,20,200,2.5,35,7.0,1.5473032714412025,0.37142857142857144,0.6285714285714286,0.21717276119425025,0.604813923186983,0.11894253914926044,-3.682609014423278,-4.191923253547219,-3.032501595754487
Portfolio,VR_only,20,200,2.5,75,6.0,3.3156498673740056,0.28,0.72,0.6291056667329519,0.9043106231845195,0.731404031554026,-3.0732569903471156,-3.5017319786940853,-2.258914378453865
Portfolio,VR+R5<0,20,200,3.0,14,4.0,0.618921308576481,0.42857142857142855,0.5714285714285714,0.8428511787438966,0.05098688691548281,-0.14527103828439944,-3.528912828935165,-4.413425003202837,-3.763279081558108
Portfolio,VR_only,20,200,3.0,28,4.0,1.237842617152962,0.39285714285714285,0.6071428571428571,0.7690966873324624,0.6344427874359015,-0.2624332822752972,-3.2396918109576074,-4.094663085918686,-1.7365658811916977
Portfolio,VR+R5<0,20,200,3.5,6,2.0,0.2652519893899204,0.6666666666666666,0.3333333333333333,0.14776319515559982,-3.577108725583802,-3.7434031853837535,-5.299637214254938,-7.250070703097659,-6.011910165727471
Portfolio,VR_only,20,200,3.5,9,2.0,0.3978779840848806,0.5555555555555556,0.4444444444444444,0.14829840574535932,-2.4685880403449865,-2.5027100287101325,-4.446747702802984,-5.854536448790645,-5.865180409613694
Portfolio,VR+R5<0,20,200,4.0,0,,0.0,,,,,,,,
Portfolio,VR_only,20,200,4.0,0,,0.0,,,,,,,,
SPTM,VR+R5<0,5,50,1.5,227,50.0,10.035366931918656,0.2767857142857143,0.7232142857142857,0.21844330264624143,0.44900298319344767,1.6492966155225337,-3.9503141356427913,-5.398631016496328,-1.8551105324670067
SPTM,VR_only,5,50,1.5,357,62.0,15.782493368700266,0.2577903682719547,0.7422096317280453,0.06810260239403715,0.4425503651109938,1.40357863344805,-3.7488865585118583,-5.279992291907317,-1.8375815056313842
SPTM,VR+R5<0,5,50,1.75,191,39.0,8.443854995579134,0.2765957446808511,0.723404255319149,0.1847642929205355,0.3119807618069255,1.6802574421343752,-4.088874915435603,-5.400021599964759,-1.9307620061139896
SPTM,VR_only,5,50,1.75,279,49.0,12.3342175066313,0.26181818181818184,0.7381818181818182,-0.042369149586757165,0.3325293412317176,1.426380499387418,-3.9348747381319558,-5.4190581885373375,-1.922465840483023
SPTM,VR+R5<0,5,50,2.0,157,31.0,6.94076038903625,0.2903225806451613,0.7096774193548387,0.0903647873720715,0.18238196014317865,1.8059251962091836,-4.245849586489798,-5.732208848029832,-2.029799179443174
SPTM,VR_only,5,50,2.0,219,40.0,9.681697612732096,0.27314814814814814,0.7268518518518519,-0.1691164986018763,0.02936924764154295,1.4693765326484338,-4.199623605262155,-5.872556802709248,-1.9761325099630984
SPTM,VR+R5<0,5,50,2.25,124,29.0,5.4818744473916885,0.28225806451612906,0.717741935483871,-0.08542367997001835,0.14912481094443208,2.093441203100863,-4.197089082022279,-5.880011004316672,-2.14284571766774
SPTM,VR_only,5,50,2.25,165,33.0,7.294429708222812,0.26666666666666666,0.7333333333333333,-0.24929403273706605,-0.06510634015401603,1.599931849646813,-4.283891871016638,-6.200577802077692,-2.029799179443174
SPTM,VR+R5<0,5,50,2.5,105,25.0,4.641909814323608,0.2761904761904762,0.7238095238095238,-0.13858712209709304,0.07108846093934415,2.1268180604216638,-4.457430269295894,-6.22962023387762,-2.3122197309417656
SPTM,VR_only,5,50,2.5,138,29.0,6.10079575596817,0.2753623188405797,0.7246376811594203,-0.3415689470133394,-0.24959213195220706,1.5109067356002448,-4.655797823158002,-6.720671131812438,-2.2840559934170357
SPTM,VR+R5<0,5,50,3.0,62,17.0,2.7409372236958442,0.3387096774193548,0.6612903225806451,-0.34036103653739763,-0.06661900590643127,3.1019436089843273,-4.977162555107501,-6.162510732973117,-2.881474597428233
SPTM,VR_only,5,50,3.0,79,19.0,3.4924845269672855,0.35443037974683544,0.6455696202531646,-0.8299288812647613,-0.6920426865119783,2.0036332486857584,-5.702054336673186,-7.539179587206777,-3.3416528008873265
SPTM,VR+R5<0,5,50,3.5,42,13.0,1.8567639257294428,0.35714285714285715,0.6428571428571429,-0.746308834206677,-0.7073732298671968,3.092541028383838,-5.765994070847536,-6.424077302073494,-3.388673770464928
SPTM,VR_only,5,50,3.5,51,14.0,2.2546419098143233,0.37254901960784315,0.6274509803921569,-1.6176047107587803,-1.8056141118426197,2.0217820998503284,-6.71653787840549,-7.345118464642401,-3.607120549656785
SPTM,VR+R5<0,5,50,4.0,28,9.0,1.237842617152962,0.39285714285714285,0.6071428571428571,-1.3753229890772347,-1.5017575373651828,2.7642315311337895,-6.728326438019295,-7.074483659866823,-4.014304031295687
SPTM,VR_only,5,50,4.0,35,9.0,1.5473032714412025,0.4,0.6,-2.430474990761324,-2.9114893325768723,1.4719618278720334,-8.077652142437106,-8.437407777642669,-4.30940939389247
SPTM,VR+R5<0,5,100,1.5,225,43.0,9.946949602122016,0.33783783783783783,0.6621621621621622,0.37397527910505024,0.5916210322911023,1.3137919455597102,-4.396477524843236,-5.937279199633936,-2.386262835483572
SPTM,VR_only,5,100,1.5,364,47.0,16.091954022988507,0.3111111111111111,0.6888888888888889,0.26430556942249067,0.5974601359578259,1.1970503503919698,-4.151779224178337,-5.804898558952731,-2.3542194856938434
SPTM,VR+R5<0,5,100,1.75,182,37.0,8.045977011494253,0.3240223463687151,0.6759776536312849,0.2696335129299651,0.47202095323180354,1.4919908382750644,-4.552537891100015,-6.246780956247278,-2.28300667671776
SPTM,VR_only,5,100,1.75,289,46.0,12.7763041556145,0.312280701754386,0.6877192982456141,0.10678485730431674,0.4774553539474485,1.2935657102767146,-4.400119545788259,-6.145810861914076,-2.6009791921665046
SPTM,VR+R5<0,5,100,2.0,158,35.0,6.984969053934571,0.3225806451612903,0.6774193548387096,0.13370779042642195,0.30103725310319923,1.3555830941513216,-4.699168333336491,-6.611132505076944,-2.28300667671776
SPTM,VR_only,5,100,2.0,234,41.0,10.344827586206897,0.30869565217391304,0.691304347826087,-0.07505396465925629,0.3246678434130529,1.2600848923144023,-4.597854614257803,-6.652226030313865,-2.623040336947252
SPTM,VR+R5<0,5,100,2.25,131,30.0,5.7913351016799295,0.31297709923664124,0.6870229007633588,0.055324085572869504,0.1602538754080259,1.6168975433180917,-4.90675188752017,-6.4944235827125425,-2.3122197309417656
SPTM,VR_only,5,100,2.25,187,37.0,8.267020335985853,0.3118279569892473,0.6881720430107527,-0.1771513718898643,0.1576405481349246,1.3053827007451106,-4.92488986590252,-6.917232850454229,-2.6398712046442565
SPTM,VR+R5<0,5,100,2.5,114,28.0,5.039787798408488,0.3157894736842105,0.6842105263157895,-0.05597904018432171,-0.05663656769039982,1.9194438856279459,-5.063465127559437,-6.500674333535413,-2.2976132038297625
SPTM,VR_only,5,100,2.5,151,31.0,6.675508399646331,0.32450331125827814,0.6754966887417219,-0.4203851745409466,-0.19750195483814095,1.44977849842161,-5.303462139581974,-7.366682071247455,-2.643323034672113
SPTM,VR+R5<0,5,100,3.0,74,18.0,3.2714412024756854,0.3108108108108108,0.6891891891891891,0.037283905943091084,0.1353542743078587,2.476738127378008,-5.345993295607929,-6.729227994933304,-1.8912740725048758
SPTM,VR_only,5,100,3.0,95,17.0,4.199823165340407,0.3368421052631579,0.6631578947368421,-0.6308001286177152,-0.26167667798877325,1.7804213948122694,-6.01298716956818,-7.972738815119109,-2.738654147105062
SPTM,VR+R5<0,5,100,3.5,54,11.0,2.3872679045092835,0.2962962962962963,0.7037037037037037,0.06327189687294231,0.5803597456065853,3.67924631059137,-5.245726394832868,-6.351227152375253,-2.089179048187664
SPTM,VR_only,5,100,3.5,72,12.0,3.183023872679045,0.3333333333333333,0.6666666666666666,-0.7366772301007143,-0.06322552925017726,2.6812396755389116,-6.112849139425437,-7.672481226983161,-2.9373327113254426
SPTM,VR+R5<0,5,100,4.0,45,10.0,1.989389920424403,0.3111111111111111,0.6888888888888889,-0.20436520238076616,0.5394536800866844,4.009377414044383,-5.260967586546876,-6.578788460833124,-1.922465840483023
SPTM,VR_only,5,100,4.0,57,11.0,2.519893899204244,0.3508771929824561,0.6491228070175439,-1.0706773192152659,-0.5424326326736625,2.9384724510419025,-6.317621618832192,-7.435517294787863,-3.205791106515131
SPTM,VR+R5<0,10,50,1.5,206,37.0,9.106984969053935,0.28640776699029125,0.7135922330097088,0.2998545446780724,0.7736296509058738,1.9074489516084547,-4.006540234494724,-5.55789874703041,-1.9307620061139896
SPTM,VR_only,10,50,1.5,404,44.0,17.86030061892131,0.23514851485148514,0.7648514851485149,0.16413602381319095,0.6100950070859604,1.339886784372926,-3.6575455271868473,-5.351460497392862,-1.7027319265400613
SPTM,VR+R5<0,10,50,1.75,148,26.0,6.542882404951371,0.2702702702702703,0.7297297297297297,0.49704009507049,0.7351127077004469,2.3456718043191627,-4.37467018157389,-6.073742673215628,-2.115976902776102
SPTM,VR_only,10,50,1.75,270,30.0,11.936339522546419,0.21851851851851853,0.7814814814814814,0.2146685830550835,0.45851261260644705,1.5421624789086252,-4.137698346627386,-6.131047488189552,-2.0868750874244695
SPTM,VR+R5<0,10,50,2.0,98,18.0,4.332449160035367,0.2857142857142857,0.7142857142857143,0.43530119467163,0.3261354568927986,2.856025281180923,-5.11318653099531,-6.247016358976299,-2.446155815254353
SPTM,VR_only,10,50,2.0,181,23.0,8.001768346595933,0.23756906077348067,0.7624309392265194,0.1095222787841171,0.09490337967961085,1.4414008170454966,-4.885126396414029,-6.993573896494013,-2.6009791921665046
SPTM,VR+R5<0,10,50,2.25,75,10.0,3.3156498673740056,0.22666666666666666,0.7733333333333333,0.5247331767355948,1.245309091551533,4.546156654395142,-4.02852751512032,-4.830512906971441,-2.255892255892306
SPTM,VR_only,10,50,2.25,128,14.0,5.658709106984968,0.21875,0.78125,-0.04914512933432953,0.6545710067018103,2.545715895851666,-4.340880416287523,-6.124307687939107,-2.623040336947252
SPTM,VR+R5<0,10,50,2.5,56,9.0,2.475685234305924,0.2857142857142857,0.7142857142857143,0.17833374897372664,0.964351503702851,4.693106959330838,-4.807609597048963,-5.8104368985553805,-2.930358261636351
SPTM,VR_only,10,50,2.5,96,13.0,4.244031830238726,0.2604166666666667,0.7395833333333334,-0.3168348015991715,0.2910654914667743,2.5217154687711987,-5.06430801028492,-6.973422349660839,-2.9640236572478273
SPTM,VR+R5<0,10,50,3.0,25,6.0,1.1052166224580018,0.52,0.48,-1.4099784078778597,-0.45239531422391016,5.591477497655187,-8.209117104686747,-8.63807813802103,-5.365629311666452
SPTM,VR_only,10,50,3.0,41,6.0,1.8125552608311228,0.4146341463414634,0.5853658536585366,-2.300632708521786,-1.5139404637773577,3.307473348729536,-8.048061112559484,-8.858741950964584,-4.4870112831281075
SPTM,VR+R5<0,10,50,3.5,15,4.0,0.6631299734748011,0.7333333333333333,0.26666666666666666,-3.11773102461245,-0.6685385639230815,7.557307197350157,-9.50572595864087,-9.518658386704255,-7.1001494768310165
SPTM,VR_only,10,50,3.5,25,5.0,1.1052166224580018,0.6,0.4,-4.095991714144691,-3.0083393012490607,3.292305835546584,-9.953390764769535,-10.45305152735809,-6.0116354233996345
SPTM,VR+R5<0,10,50,4.0,1,1.0,0.044208664898320066,1.0,0.0,-15.223880597014594,-5.8706467661690525,2.122719734659939,-17.545605306799185,-17.545605306799185,-17.545605306799185
SPTM,VR_only,10,50,4.0,1,1.0,0.044208664898320066,1.0,0.0,-15.223880597014594,-5.8706467661690525,2.122719734659939,-17.545605306799185,-17.545605306799185,-17.545605306799185
SPTM,VR+R5<0,10,100,1.5,210,32.0,9.283819628647215,0.3238095238095238,0.6761904761904762,0.41503572966293584,0.904211234470927,1.6812828936539785,-4.412212830836957,-6.008406569888234,-2.4570143056899605
SPTM,VR_only,10,100,1.5,412,34.0,18.21396993810787,0.28883495145631066,0.7111650485436893,0.2257360743143669,0.5238958294226732,1.0426854120390712,-4.2389580576544725,-6.003722956395323,-2.3537451259538567
SPTM,VR+R5<0,10,100,1.75,160,25.0,7.073386383731211,0.3375,0.6625,0.4151511731929558,0.8666629802894279,2.0034389584917025,-4.628618870015029,-6.0899774303752086,-1.8912740725048758
SPTM,VR_only,10,100,1.75,304,26.0,13.4394341290893,0.3157894736842105,0.6842105263157895,0.25117325413006125,0.5478970956651315,1.0872940304036594,-4.636653436935739,-6.5898871024381425,-2.2304092927144517
SPTM,VR+R5<0,10,100,2.0,128,24.0,5.658709106984968,0.3203125,0.6796875,0.5140267066215422,0.770956105921412,2.504147468062108,-4.868041629949481,-5.923601201347668,-1.8912740725048758
SPTM,VR_only,10,100,2.0,235,26.0,10.389036251105217,0.2936170212765957,0.7063829787234043,0.34000612183634754,0.6194716501468251,1.6074664436064496,-4.7698344293872665,-6.688743136834339,-2.211484854116006
SPTM,VR+R5<0,10,100,2.25,100,18.0,4.420866489832007,0.32,0.68,0.5725333565292281,0.5781179162790981,2.9816962258213313,-5.224943180577544,-6.383599308269056,-1.9761325099630984
SPTM,VR_only,10,100,2.25,176,22.0,7.780725022104333,0.26704545454545453,0.7329545454545454,0.334074292875941,0.6363171826444158,2.3472141467676586,-4.740646642967575,-6.569009280010639,-2.251500549085747
SPTM,VR+R5<0,10,100,2.5,76,13.0,3.359858532272325,0.3026315789473684,0.6973684210526315,0.7596187955412119,0.8621398960662102,3.603996605958651,-5.3557885383241635,-6.458790072563166,-1.8912740725048758
SPTM,VR_only,10,100,2.5,136,13.0,6.012378426171529,0.25,0.75,0.38231891997022105,0.7726110005615853,2.532095517633422,-4.979656564830476,-7.056118640370664,-2.3542194856938434
SPTM,VR+R5<0,10,100,3.0,55,7.0,2.4314765694076037,0.34545454545454546,0.6545454545454545,0.739461735702851,0.8275364000607733,3.823411798238237,-6.441056210181569,-7.605270630546261,-2.2021546261090306
SPTM,VR_only,10,100,3.0,98,11.0,4.332449160035367,0.25510204081632654,0.7448979591836735,0.13689959448715028,0.43311198581277716,2.541661608613806,-5.547128560437128,-7.480751774278625,-2.363255559706075
SPTM,VR+R5<0,10,100,3.5,40,6.0,1.7683465959328029,0.35,0.65,0.38837040330533174,1.3411766108278123,5.452209735432297,-5.622273654557458,-6.941242036555183,-2.229023441000668
SPTM,VR_only,10,100,3.5,63,8.0,2.7851458885941645,0.30158730158730157,0.6984126984126984,-0.6545786275006646,0.543312132614537,3.8487123643267758,-5.719570633381171,-7.122656524170864,-2.372291633718307
SPTM,VR+R5<0,10,100,4.0,31,5.0,1.3704686118479221,0.41935483870967744,0.5806451612903226,-0.19819643022300268,0.7443459056574365,6.293678330801805,-6.8831464696068805,-7.246102518354045,-3.5051546391749877
SPTM,VR_only,10,100,4.0,50,5.0,2.2104332449160036,0.36,0.64,-1.3592075660332954,-0.17722230885371038,4.199863517384463,-6.8959333972991494,-7.6866554958233495,-3.596388960087367
SPTM,VR+R5<0,20,100,1.5,171,26.0,7.5596816976127315,0.3742690058479532,0.6257309941520468,0.3204878445634261,0.7090990807380005,1.408854601906716,-5.3873203588588,-6.677551282500746,-3.205791106515131
SPTM,VR_only,20,100,1.5,409,21.0,18.081343943412907,0.3080684596577017,0.6919315403422983,0.2638368487559935,0.4119507915231065,0.6547362240974253,-4.7661933137346875,-6.380952450469238,-2.6384692849949336
SPTM,VR+R5<0,20,100,1.75,130,18.0,5.747126436781609,0.38461538461538464,0.6153846153846154,0.44967190418712466,0.6789163643948689,1.5142047063923325,-5.709833402790426,-6.985513226924951,-3.329681409386809
SPTM,VR_only,20,100,1.75,291,15.0,12.86472148541114,0.2920962199312715,0.7079037800687286,0.32514029238270215,0.7079339638157839,1.4307991392048496,-4.555933586547822,-5.908191789629988,-2.8141459744171207
SPTM,VR+R5<0,20,100,2.0,87,15.0,3.8461538461538463,0.3103448275862069,0.6896551724137931,1.0258066690862122,1.1634002147824718,2.0055027849415668,-5.617582950891993,-7.245652803446459,-2.738654147105062
SPTM,VR_only,20,100,2.0,178,13.0,7.869142351900972,0.25280898876404495,0.7471910112359551,0.6879341301385021,1.0936709295506888,2.037537019268255,-4.541434511588075,-6.051326136798234,-2.646275870119312
SPTM,VR+R5<0,20,100,2.25,71,11.0,3.1388152077807248,0.352112676056338,0.647887323943662,0.8363655265427481,1.210330172166576,2.1237123748610385,-6.217756008245616,-7.9276719361767976,-2.738654147105062
SPTM,VR_only,20,100,2.25,140,8.0,6.18921308576481,0.2785714285714286,0.7214285714285714,0.5250796204361433,1.1423154694528665,2.1095901139356465,-4.970606086896237,-6.7067941916145015,-2.637048485827753
SPTM,VR+R5<0,20,100,2.5,56,10.0,2.475685234305924,0.32142857142857145,0.6785714285714286,1.2921031505373834,1.3061615938629365,3.1678849808209057,-6.3633741648491355,-7.782593944666603,-2.4496076452822093
SPTM,VR_only,20,100,2.5,109,7.0,4.818744473916888,0.25688073394495414,0.7431192660550459,0.66889063706982,1.1466250438887848,2.675647754614202,-5.158316765931456,-6.910183904922632,-2.4618637668027636
SPTM,VR+R5<0,20,100,3.0,38,6.0,1.6799292661361624,0.3684210526315789,0.631578947368421,0.999309240947121,1.1443309658841427,4.778976865462262,-7.061111473508881,-8.342911345005655,-2.972222626810096
SPTM,VR_only,20,100,3.0,76,4.0,3.359858532272325,0.27631578947368424,0.7236842105263158,0.4495571261539969,1.2097186232772505,3.8327505266801496,-5.68966891550525,-7.265409091756242,-2.693941426335787
SPTM,VR+R5<0,20,100,3.5,28,5.0,1.237842617152962,0.42857142857142855,0.5714285714285714,0.8456995740214119,1.9108656822544055,7.235540154182174,-7.053496291546027,-7.231745598475666,-2.690988590888587
SPTM,VR_only,20,100,3.5,60,3.0,2.6525198938992043,0.31666666666666665,0.6833333333333333,0.23352179025856956,1.7280176309710966,5.127319008921107,-5.7057659034442425,-6.084700194748107,-2.2872231299136687
SPTM,VR+R5<0,20,100,4.0,11,2.0,0.4862953138815208,0.5454545454545454,0.45454545454545453,2.714221076175079,5.477085243859721,13.114198510050773,-7.155188687795712,-7.155188687795712,-6.786651668541784
SPTM,VR_only,20,100,4.0,17,1.0,0.7515473032714411,0.47058823529411764,0.5294117647058824,2.2588633508722795,6.7879308873566275,12.966680830141316,-5.824238020192557,-5.824238020192557,-4.647936177592869
SPTM,VR+R5<0,20,200,1.5,180,24.0,7.957559681697612,0.40555555555555556,0.5944444444444444,0.15796171050447036,0.6352047113038598,1.3475745140356161,-5.298502649111961,-6.621346030524975,-3.2138651321577303
SPTM,VR_only,20,200,1.5,378,12.0,16.710875331564985,0.373015873015873,0.626984126984127,-0.0027207681556602153,0.1490076097457649,0.8176195875749991,-4.8876103244803435,-6.319470068578335,-3.110087578471627
SPTM,VR+R5<0,20,200,1.75,151,21.0,6.675508399646331,0.3708609271523179,0.6291390728476821,0.32994575642374374,0.9084468317222338,1.8780072122055274,-5.1536994973059915,-6.499950318171743,-2.8792912513841276
SPTM,VR_only,20,200,1.75,326,10.0,14.412024756852343,0.3619631901840491,0.6380368098159509,0.13286765152589497,0.25515854137175614,1.0178194590761054,-4.8517211207103195,-6.309120868321119,-3.0833674715912043
SPTM,VR+R5<0,20,200,2.0,120,18.0,5.305039787798409,0.36666666666666664,0.6333333333333333,0.7291240693015243,1.0846005092654694,2.4866081108328815,-5.201153215048369,-6.3764220584709435,-2.694628278371786
SPTM,VR_only,20,200,2.0,259,12.0,11.450044208664899,0.3204633204633205,0.6795366795366795,0.45626917608747364,0.5884096336095404,1.6618459924633968,-4.579014204310363,-5.9351339217947485,-2.738654147105062
SPTM,VR+R5<0,20,200,2.25,97,17.0,4.288240495137047,0.36082474226804123,0.6391752577319587,1.0977872664443316,1.608655099566132,3.5535940814168496,-4.8920619285354885,-5.7249599327066925,-2.6384692849949336
SPTM,VR_only,20,200,2.25,217,11.0,9.593280282935455,0.2764976958525346,0.7235023041474654,0.7581686118879084,1.1582418761969087,2.5243815799924247,-4.162702195149917,-5.281929492813484,-2.4581906105180513
SPTM,VR+R5<0,20,200,2.5,71,14.0,3.1388152077807248,0.30985915492957744,0.6901408450704225,1.4256163516535667,2.01779534272133,4.08230805083276,-5.014522850197529,-5.658112804756852,-2.28300667671776
SPTM,VR_only,20,200,2.5,176,10.0,7.780725022104333,0.21022727272727273,0.7897727272727273,0.9664788158373273,1.688045457673011,3.14393997359217,-3.81708479779916,-4.7979734968512,-2.1064388209620977
SPTM,VR+R5<0,20,200,3.0,41,8.0,1.8125552608311228,0.34146341463414637,0.6585365853658537,1.42481928424101,2.2993262209548986,6.004790750645241,-5.778886255324945,-5.900617489325672,-2.738654147105062
SPTM,VR_only,20,200,3.0,112,7.0,4.951370468611848,0.21428571428571427,0.7857142857142857,0.8757655807565115,2.0282901976954513,4.317281955159312,-3.986834879513691,-4.18983539271219,-1.904311397843307
SPTM,VR+R5<0,20,200,3.5,31,5.0,1.3704686118479221,0.3870967741935484,0.6129032258064516,0.9143183212505805,1.7461590332771642,6.4218447678992705,-6.791374881778397,-6.952374255779359,-3.5051546391749877
SPTM,VR_only,20,200,3.5,71,3.0,3.1388152077807248,0.29577464788732394,0.704225352112676,0.5271535060612411,1.7899972958719936,4.663937401856429,-5.222955780137719,-5.543181941802956,-2.2021546261090306
SPTM,VR+R5<0,20,200,4.0,27,5.0,1.1936339522546418,0.37037037037037035,0.6296296296296297,1.5280684748230335,3.395503155525101,8.490000540135451,-5.463589653387313,-5.648440786499528,-2.643323034672113
SPTM,VR_only,20,200,4.0,62,3.0,2.7409372236958442,0.27419354838709675,0.7258064516129032,0.5812484619876818,2.4634645160789117,5.6482029699925995,-4.7852875529113525,-5.151998157398964,-2.035936261176786
